,name,address,price_per_night
0,Гостиничный Комплекс 55 Широта,"улица Дениса Давыдова, д.1/3, Новосибирск",от 3000₽
1,AHOTELS Design Style Толстого,"Улица Толстого, д.56, Новосибирск",от 2614₽
2,Апарт-отель Apartel,"Железнодорожная улица, д.15/1, Новосибирск",от 2721₽
3,Гостиница Комфорт_Нск,"Улица Богдана Хмельницкого, д.96, Новосибирск",от 4150₽
4,Отель ESENIN-LocuS,"улица Есенина, д.5/1, Новосибирск",от 2700₽
5,Отель Глобус,"улица Лермонтова, д. 43, корп. 1, Новосибирск",от 3506₽
6,Хостел Рус-Новосибирск,"улица Куприна, д.8/1, Новосибирск",от 1677₽
7,Отель Император,"улица Романова, д.99, Новосибирск",от 2814₽
8,Отель Клуб Путешественников,"улица Фрунзе 2А, Новосибирск",от 2152₽
9,No Bears (Ноу Беарс),"ул. Дмитрия Шамшурина, 1, Новосибирск",от 2260₽
10,Апарт-Отель OAZIS APART,"улица Лескова, д.25, Новосибирск",от 2950₽
11,Отель Метелица,"улица Добролюбова, д.195, Новосибирск",от 5750₽
12,Отель Перекресток,"Фабричная улица, 4/1, Новосибирск",от 3322₽
13,Апарт-Отель Ramada hotel&suites by Wyndham Novosibirsk Zhukovka,"улица Победы, д.55, Новосибирск",от 5351₽
14,Отель Tolstogo City,"улица Толстого, д.77, Новосибирск",от 3400₽
15,Аврора,"ул. Панфиловцев, д. 53, Новосибирск",от 2396₽
16,Мини-отель ЕВРОСАУНА,"улица Мира, д.63А, корп.4, Новосибирск",от 2476₽
17,Лель,"ул. Кутузова, д.69, Карасук",от 1600₽
18,Мини-отель Мадо,"улица Светлановская, д. 8, Новосибирск",от 2627₽
19,Диван и чемодан на Ленина,"ул. Ленина, 79, Новосибирск",от 2051₽
20,Отель Хлебный год,"Советское шоссе, д.7, Новосибирск",от 4282₽
21,Гостевой Дом Маяк,"улица Плотинная, д.1/1, Новосибирск",от 4145₽
22,Гостиница Золотое Руно,"улица Зыряновская, д.55, Новосибирск",от 4510₽
23,Мини-отель Роял Марин,"микрорайон Северный, д.1/1, Бердск",от 3466₽
24,Квартиры Sibkvart Добролюбова 18/1,"улица Добролюбова, д.18/1, Новосибирск",от 3341₽
25,Хостел Why not Hostel Novosibirsk,"Вокзальная магистраль, д. 6, Новосибирск",от 1961₽
26,Отель Акватория,"Улица Ватутина, д. 16/1, Новосибирск",от 2192₽
27,Отель Авеню,"улица Советская, д.57, Новосибирск",от 2327₽
28,Хостел City,"улица Блюхера, д.24, Новосибирск",от 1300₽
29,Отель Домина Новосибирск,"улица Ленина, д.26, Новосибирск",от 7100₽
30,Апарт-отель Гостиниц net (Ядринцевская),"ул. Ядринцевская 71, Новосибирск, Новосибирск",от 3010₽
31,Отель Колибри,"Улица Чаплыгина, д.111, Новосибирск",от 4330₽
32,Мини-Отель на Артиллерийской,"улица Артиллерийская, д.97, Новосибирск",от 2600₽
33,Апарт-отель Неорелакс Апарт,"улица Чаплыгина 48, Новосибирск",от 1732₽
34,Отель Happy Family,"улица Артиллерийская, д.19, Новосибирск",от 3406₽
35,Отель Сити Отель,"улица Блюхера, д. 77, Новосибирск",от 3342₽
36,Отель Park Wood Академгородок,"улица Арбузова, д.6/2, Новосибирск",от 5773₽
37,Хостел «Планета»,"ул. Владимировская, 4, Новосибирск",от 2260₽
38,Хостел Роял,"улица Дуси Ковальчук, д.260/2, Новосибирск",от 1386₽
39,Гостевой Дом Sky Lounge guesthouse,"улица Кропоткина 273, Новосибирск",от 2366₽
40,Хостел Sunny Day,"улица Урицкого, д.37, Новосибирск",от 2079₽
41,Отель Valeri,"Серебренниковская улица, д. 2/1, Новосибирск",от 1893₽
42,Отель Золотая Долина,"улица Ильича, д.10, Новосибирск",от 4101₽
43,Матросово,"ул. Береговая, дом 215, Искитим",от 6783₽
44,Мини-отель Ной,"улица Карла Маркса, д.100, Барабинск",от 3403₽
45,Хостел Плюшевый Мишка,"улица Разъездная, д.12, Новосибирск",от 2260₽
46,Жилое помещение на Немировича,"улица Немировича-Данченко, д. 146/1, Новосибирск",от 2310₽
47,Room Apart (Рум Апарт) на улице Ясный берег,"ул. Ясный берег, 23, Новосибирск",от 3062₽
48,Гостевой Дом,"Новосибирская обл, г Обь, ул Вокзальная, д. 90, Обь",от 1782₽
49,"Гранд-отель, Новосибирск","ул. Забалуева, 5/1, Новосибирск",от 2778₽
50,Мини-отель Summer delight,"улица Дачная, д.40/2, Новосибирск",от 2236₽
51,Лель Купино,"ул. Элеваторская, д 50, Купино",от 1786₽
52,Солнечный,"ул. Софийская 15,А, Новосибирск",от 4700₽
53,Апарт-отель на Набережной,"улица Большевистская, д. 37, Новосибирск",от 2958₽
54,Диван и чемодан на Серафимовича,"ул. Серафимовича, 1/4/, Новосибирск",от 1946₽
55,Yousinn (Юсинн) на улице Одоевского 1/11,"ул. Одоевского, 1/11, Новосибирск",от 2388₽
56,Жилое помещение Светлица 54,"улица Крылова, д.69А, Новосибирск",от 2506₽
57,Диван и чемодан на Галущака 17,"ул. Галущака, 17, Новосибирск",от 2190₽
58,Диван и чемодан на Коммунистической,"ул. Коммунистическая, 26, Новосибирск",от 2051₽
59,Yousinn (Юсинн) на улице Выборной 89/4,"ул. Выборная, 89/4, Новосибирск",от 3143₽
60,Парк-Отель Чкаловские дачи,"д.п. Мочище м-н дом отдыха Мочище 4, Новосибирск, Новосибирская обл., Россия, 630534, Новосибирск",от 5936₽
61,Диван и чемодан на Карла Маркса,"пр-кт Карла Маркса, 14/1, ст.1, Новосибирск",от 1957₽
62,Хостел Атмосфера,"улица Залесского, 2/2, Новосибирск",от 2260₽
63,Квартиры Sibkvart Некрасова 41,"улица Некрасова, д.41, Новосибирск",от 2830₽
64,В гости на улице Ленина 81,"ул. Ленина, 81, Новосибирск",от 3690₽
65,Welcome (Вэлком) на улице Иванова,"ул. Иванова, 8, Новосибирск",от 3300₽
66,Мини-Отель Мира-ЛокуС,"улица Мира, 63Ак7, Новосибирск",от 1770₽
67,Room Apart (Рум Апарт) на улице Дмитрия Шамшурина,"ул. Дмитрия Шамшурина, 29, Новосибирск",от 3354₽
68,Авеню,"ул. Боровая 4/2, Бердск",от 3889₽
69,Хостел Bueno,"улица Максима Горького,д. 53, Новосибирск",от 1961₽
70,FlaNsk (ФлаНск) на Кошурникова,"ул. Кошурникова, 23, Новосибирск",от 3416₽
71,Как дома. Левый берег на Карла Маркса,"пр. К.Маркса, 7, Новосибирск",от 1860₽
72,Отель Нептун Татарск,"улица Закриевского, д. 72, Татарск",от 1654₽
73,Барракуда на улице Тюленина,"Улица Тюленина 5, Новосибирск",от 3900₽
74,Отель MAXROOMS Купино Сибирия,"улица Советов, д.80А, Купино",от 1946₽
75,Мини-отель Абажур,"Речкуновская зона отдыха, 6/9, Бердск",от 5887₽
76,Yousinn (Юсинн) на улице Ясный Берег,"ул. Ясный Берег, 35, Новосибирск",от 3495₽
77,АлАнт на улице Немировича-Данченко 122/4,"ул. Немировича-Данченко, 122/4, Новосибирск",от 4000₽
78,Жилое Помещение Бородина 56,"улица Бородина, д. 56, Новосибирск",от 1862₽
79,Как дома. Левый берег на Ватутина,"ул. Ватутина, 20, Новосибирск",от 2310₽
80,Room Apart (Рум Апарт) на улице Большевистская 35,"ул. Большевистская, 35, Новосибирск",от 3439₽
81,Спасская (бывш. Юбилейная),"ул. Добролюбова, д.4, Венгерово",от 2289₽
82,Capsule Tolmachevo,"пр-т Можерина, 1В, Обь, Обь",от 1684₽
83,Мини-отель Аркада,"улица Кривощёковская, д. 15, корп. 7, Новосибирск",от 2377₽
84,Апаратменты Обская 46/2,"Обская улица, д.46/2, Новосибирск",от 3962₽
85,Парк-отель «Шишка»,"Voronezhskiy pereulok, 16/1, Новосибирск",от 2293₽
86,Отель Skyport,"проспект Мозжерина, д.8, Обь",от 4473₽
87,Тайга,"​Чаплыгина, 65, Новосибирск",от 1900₽
88,Уютные апартаменты.,"улица Карла Маркса, д. 1/1, Бердск",от 3143₽
89,АлАнт на улице Фрунзе,"ул. Фрунзе, 20, Новосибирск",от 4125₽
90,Спа-отель Крона,"улица Морская, д. 26, Бердск",от 6714₽
91,Гостиничный комплекс Домино,"ул. Титова, д. 184/1, Новосибирск",от 2200₽
92,Отель Гостиница Маршал Новосибирск,"улица Солидарности, д. 72а, Новосибирск",от 2102₽
93,Yousinn (Юсинн) на улице Иванова 15,"ул. Иванова, 13, Новосибирск",от 2388₽
94,Yousinn (Юсинн) на проспекте Красный 188,"пр-кт Красный, 188, Новосибирск",от 3189₽
95,Yousinn (Юсинн) на улице Восход,"ул. Восход, 26/1, Новосибирск",от 2817₽
96,Курорт-отель Морозово,"Урочище Морозовское Бердского спецлесхоза, кварталы 18 и 43, ул. Речкуновская зона отдыха, 1, Морозово",от 4357₽
97,Отель 54,"квартал Д, 17А, Барабинск",от 3114₽
98,Viaggio Aparts (Виаджио Апартс) на улице Танковая,"ул. Танковая, 32, Новосибирск",от 3400₽
99,Хостел Евразия,"проспект Карла Маркса, д. 1, Новосибирск",от 1501₽
100,Хостел On-Day,"улица Ленина, 88, Новосибирск",от 1634₽
101,Санаторий-профилакторий Сибиряк,"Зелёная Роща, 15, Бердск",от 14262₽
102,Спорт,"ул. Ленина, 9Б, Бердск",от 3309₽
103,Стильные апартаменты,"улица Большевистская, 37, Новосибирск",от 2971₽
104,Студия на Комсомольской RestApart54,"улица Комсомольская, д.14, Бердск",от 2921₽
105,Барракуда на улице Богдана Хмельницкого,"ул. Богдана Хмельницкого, д. 65/1, Новосибирск",от 4400₽
106,Борвиха,"Морская ул., д. 3, Бердск",от 11535₽
107,Гостиничный Комплекс Кировский,"ул. Петухова, д. 67, Новосибирск",от 1458₽
108,Хостел RE,"улица Державина, д.49, Новосибирск",от 2260₽
109,Oazis apart (Оазис Апарт) на улице Покатная 130 корпус 1,"ул. Покатная, 130, корп. 1, Новосибирск",от 2721₽
110,Жилое помещение Однокомнатная на метро Октябрьская,"улица Кирова, д.11, Новосибирск",от 3681₽
111,Yousinn (Юсинн) на улице Добролюбова,"ул. Добролюбова, 18/1, Новосибирск",от 2868₽
112,Guest House Igarsky,"Ulitsa Igarskaya 20 korpus 2, Новосибирск",от 7787₽
113,Hotel On Babaeva,"Babaeva 56 Novosibirsk 630900,Babaeva, Новосибирск",от 3202₽
114,Yousinn (Юсинн) на улице Гоголя 19,"ул. Гоголя, 19, Новосибирск",от 2802₽
115,Кристалл,"Россия, 633010, Новосибирская область, Искитим, ул. Коммунистическая, д. 57, Искитим",от 4507₽
116,Парус,"ул. Железнодорожная, 66А, Купино",от 1893₽
117,Podushka Lyuks na Krasnom prospekte 73,"Krasnyy Prospekt 73 Tsentralnyy Rayon,Krasnyy Prospekt, Новосибирск",от 3202₽
118,Советская,"Советская, 252 к.1, Искитим",от 2103₽
119,AAA Elita on Krasnyi Prospekt 59,"Krasnyi Prospekt 59, Новосибирск",от 3202₽
120,Хостел Adres,"ул. Дуси Ковальчук, 272/4, Новосибирск",от 2260₽
121,Отель Фаворит,"улица Тургенева, д. 9, Карасук",от 2252₽
122,Fine o'clock na Oktyabrskaya 40,"ul. Oktyabrskaya 40 Novosibirsk 630007,ul. Oktyabrskaya, Новосибирск",от 3202₽
123,Novonikolayevskaya,"ул. Блюхера, д.71, лит.Б, Новосибирск",от 3202₽
124,Мини-Отель Гостинный Двор,"Советское шоссе, д.7, Новосибирск",от 2452₽
125,Гостиный двор,"ул. Ленина, д.54, Сузун",от 3122₽
126,Hostel Twenty 7,"Lenina 50, Новосибирск",от 2260₽
127,Yousinn (Юсинн) на улице Галущака 4,"ул. Галущака, 4, Новосибирск",от 10680₽
128,Хостел Купеческий дворъ,"Красноярская улица, д.3, Новосибирск",от 2260₽
129,Мини-отель Альянс,"улица Галущака, д. 2, Новосибирск",от 2452₽
130,Kvartira Na Marksa,"Prospekt Marksa 7, Novosibirsk, Новосибирск",от 3202₽
131,Уют (квартирное бюро),"ул. Ленина, 75, Новосибирск",от 3090₽
132,Апарт-Отель Усадьба,"улица Александра Невского, д. 30, Новосибирск",от 4369₽
133,4 Cities,"58/1 Aeroport Street, Новосибирск",от 3202₽
134,"Элитная 2х квартира класса люкс с камином, джакузи и кондиционером на ул. Ядринцевская. Метро площадь Ленина","улица Ядринцевская 18, Новосибирск",от 11000₽
135,Alexandr House B&B,"ул. Далидовича, д. 25, Новосибирск",от 4063₽
136,Apartment on pr. Dzerzhinskogo,"pr. Dzerzhinskogo, 20/1, 630040 Novosibirsk, Russia, Новосибирск",от 3090₽
137,Бурлинка,"Железнодорожная ул., д. 13, Новосибирск",от 3202₽
138,Жилые помещения Soyuz +,"ul. Tulskaya 525/1 Novosibirsk 630000,ul. Tulskaya, Новосибирск",от 3202₽
139,Хуторок,"ул. Бердская 97, Маслянино",от 4220₽
140,Аппартаменты На Маркса 14/1-1,"проспект Карла Маркса, д.14, Новосибирск",от 1926₽
141,Отель (закрыт),"улица Русская, Новосибирск",от 3202₽
142,Озеро Карачи,"632224, Новосибирская область, Чановский район, п. Озеро-Карачи, ул. Школьная, 1, Озеро-Карачи",от 4507₽
143,Randevu,"Krasnopartizanskaya 124b, Венгерово",от 4507₽
144,Razdolie,"Voronezhskiy Pereulok 16/1 Novosibirsk 630010,Voronezhskiy Pereulok, Новосибирск",от 3202₽
145,Serebryanye Klyuchi,"Serebryanye Klyuchi 8, Новосибирск",от 7787₽
146,888,"ul. Michurina 12A Novosibirsk 630091,ul. Michurina, Новосибирск",от 3202₽
147,Жилые помещения Dostoevsky,"Maxima Gorkogo Street 85 Novosibirsk 630099,Maxima Gorkogo Street, Новосибирск",от 3202₽
148,Меркурий,"Коммуностроевская ул., д. 178, Новосибирск",от 4220₽
149,Гостевой дом Вера,"ул. Севастопольская, д.581, Восток",от 12183₽
150,Мини отель Звездный,"Улица Военная 9/1, Новосибирск",от 2452₽
151,Набережная,"Инская ул., д. 39, Новосибирск",от 3202₽
152,Obschezhitie Gostinichnogo Tipa Akademiya,"Новосибирск, ул. Ватутина, д.57, Новосибирск",от 3202₽
153,Hostel Buen Camino,"M Gor'kogo 53 Novosibirsk,M Gor'kogo, Новосибирск",от 2260₽
154,AAA Elita on Yadryncevskaya 18,"Ядринцевская,18, Новосибирск",от 3202₽
155,АлАнт на улице Зыряновская,"ул. Зыряновская, 61, Новосибирск",от 4125₽
156,Apartamentyi Pisareva 20,"ulitsa Pisareva, 20, Novosibirsk, Russia, Новосибирск",от 3202₽
157,Отель «Чернышевский»,"Чернышевский спуск, 16, Новосибирск",от 3806₽
158,Дом рядом хостел,"Российская, 21, Новосибирск",от 3202₽
159,Гостевой Дом Avantazh,"Улица Нарядная, д.1, Новосибирск",от 7787₽
160,na Leninskoy,"Улица Ленина 55, Новосибирск",от 3202₽
161,Mini-Hotel Uytnyi Dvorik,"Partizanskaya Street Building 111,Partizanskaya Street, Новосибирск",от 3202₽
162,Жилые помещения Pioneer,"Вокзальная Магистраль 4/2, Новосибирск",от 3202₽
163,Сибирская Жемчужина,"Ордынская трасса, в поселке Кирза, Кирза",от 6783₽
164,Вилла Черепаново,"ул. Партизанская, д.10А, Черепаново",от 15205₽
165,Yousinn (Юсинн) на улице Фрунзе 49,"ул. Фрунзе, 49, Новосибирск",от 2988₽
166,AAA Elita on Ordzhanikidze 23,"Орджоникидзе,23, Новосибирск",от 3202₽
167,Хостел Антей,"630005, Россия, г. Новособирск, ул. Писарева, д. 89, Новосибирск",от 2260₽
168,Domashniy,"ul. Lenina, 55, Novosibirsk, Novosibirskaya oblast', Russia, 630004, Новосибирск",от 3202₽
169,Олимпик,"ул. Боровая Партия, д. 12, Новосибирск",от 3202₽
170,Yousinn (Юсинн) на улице Первомайская 230,"ул. Первомайская, 230, Новосибирск",от 2621₽
171,Yousinn (Юсинн) на улице Кошурникова,"ул. Кошурникова, 29/5, Новосибирск",от 2868₽
172,Хостел «Обской»,"ул. ЖКО Аэропорта, 30, Обь",от 2076₽
173,Staryij Tsentr Hostel,"Krasniy prospekt, 14, Novosibirsk, Russia, Новосибирск",от 2260₽
174,Краснозерский,"632901, Новосибирская обл., Кайгородский сельсовет, ул. Санаторий, д. 1, Кайгородский",от 4507₽
175,Озерный дом,"ул. Бердский Тупик, 12, Новосибирск",от 10521₽
176,Парк-отель Шишка,"Воронежский переулок, 16/1, Новосибирск",от 3202₽
177,Здоровье,"ул. Новосёлов, д. 25, Новосибирск",от 6783₽
178,Чулым,"ул. Кожемякина, 22а/1, Чулым",от 3122₽
179,Hostel Nsk Trend,"ulitsa El'tsovskaya, 6, Novosibirsk, Russia, Новосибирск",от 2260₽
180,Бутик-отель Новая,"улица Дмитрия Шамшурина, д.1, Новосибирск",от 3065₽
181,Меблированная комната On Gravity 29A,"ул. Самотечная, 29а, Новосибирск",от 3100₽
182,Ozero Karachi,"632224, Новосибирская область, Чановский район, курортный посёлок Озеро-Карачи, ул. Школьная 1е, Озеро-Карачи",от 4507₽
183,Мини-Отель Спарта,"улица Саратовкая, д.62, Новосибирск",от 2452₽
184,Заря,"ул. Ленина, д. 100, Татарск",от 1361₽
185,Хостел Алексия,"улица Ипподромская, д. 30, Новосибирск",от 2260₽
186,Room Apart (Рум Апарт) на улице Фрунзе,"ул. Фрунзе, 252/1, Новосибирск",от 3951₽
187,Отель Берёзка,"улица Деповская, д.23, Барабинск",от 3284₽
188,Сипк Ано,"Новосибирск, ул. Народная, д.7/1, Новосибирск",от 3202₽
189,"Jet2Day на Железнодорожной, 11 этаж (Джет ту Дэй)","ул.Железнодорожная, д.15/1, Новосибирск",от 2500₽
190,Na Naberezhnoj Hostel,"ulitsa Obskaya, 139, Novosibirsk, Russia, Новосибирск",от 2260₽
191,Риф,"4-й микрорайон, 9а, Линёво",от 3122₽
192,Уютная,"ул. Ленина, д.29, Кыштовка",от 3122₽
193,AAA Elita on Semiy Shamshinih 12,"Sem'i Shamshinyh,12, Новосибирск",от 3202₽
194,Myhomehotel on Sibrevkoma 7 1,"Ulitsa Sibrevkoma 7 1, Novosibirsk, Russia, Новосибирск",от 3202₽
195,Hostel 888 У Вокзала,"7 Ulitsa Chelyuskintsev, Новосибирск",от 2260₽
196,Hotel X.O. Переездная (Икс О),"ул. Переездная 77, Новосибирск",от 3202₽
197,Yousinn (Юсинн) на улице 2-ой Обской 73,"ул. 2-я Обская, 73, Новосибирск",от 3108₽
198,Победа,"ул. Луначарского 17, Карасук",от 1793₽
199,"Алатырь Новосибирск, ул. Блюхера, д. 28","Россия, 630078, Новосибирская область, Новосибирск, ул. Блюхера, д. 28, Новосибирск",от 3202₽
200,Три Кита,"ул. Путевая, д.4, Куйбышев",от 4507₽
201,Жилые помещения WellHome,"Красный проспект, 99, корпус 1, Новосибирск",от 3202₽
202,Хостел Горького 85,"улица Максима Горького, д.85, Новосибирск",от 2260₽
203,Парк-отель Сосновый Бор,"Новая заря, д.53 А, Новосибирск",от 6990₽
204,Апарт-отель Гостиниц NET на Обской,"ул. Обская 46/2, Новосибирск",от 2852₽
205,Хостел Норка,"микрорайон  Горский, д. 2, Новосибирск",от 2278₽
206,Отель Приморье,"Новосибирская область, Новосибирский район, посёлок Голубой залив, с/п Приморье территория, 2, Новосибирск",от 2708₽
207,Мини-Отель Red,"Красный проспект, д.153 А, Новосибирск",от 2338₽
208,Отель Шале на Комсомольском,"Комсомольский Проспект, д. 24, Новосибирск",от 3070₽
209,Отель SKYEXPO,"Улица Станционная, д. 100, Новосибирск",от 4457₽
210,Уют (квартирное бюро),"ул. Ленина, 75, Новосибирск, Новосибирск",от 2000₽
211,AAA Elita on Sovetskaya 36/1,"Советская,36/1, Новосибирск",от 3202₽
212,Derzhavina Apartmens,"Derzhavina 92/1, Новосибирск",от 3202₽
213,Foxhole,"ул. Фрунзе, 2б, Новосибирск",от 2260₽
214,A54 Mega Hostel,"ulitsa Mira, 65 A/1, Novosibirsk, Новосибирск",от 2260₽
215,Yousinn (Юсинн) на улице Выборной 89/2,"ул. Выборная, 89/2, Новосибирск",от 2803₽
216,Noj,"56 Inskaya St. Apt. 8 Novosibirsk,Inskaya St., Новосибирск",от 3202₽
217,Жилые помещения Putnik,"Yadrintsevskaya 18, Новосибирск",от 2260₽
218,Жилые помещения Zori,"Ulitsa Sibiryakov-gvardeytsev 82, Новосибирск",от 2260₽
219,Как дома. Левый берег на Троллейная,"ул. Троллейная, 1, Новосибирск",от 2165₽
220,Morozovskie Bani,"Выборная, 59, Новосибирск",от 3202₽
221,Novaya Inn,"Ulitsa Shamshurina, 1 office 6, 630004 Novosibirsk, Russia, Новосибирск",от 7787₽
222,Однокомнатные апартаменты On Day на Челюскинцев 14,"улица Челюскинцев, д. 14, Новосибирск",от 2327₽
223,"Алатырь Новосибирск, ул. Блюхера, д. 16","Россия, 630078, Новосибирская область, Новосибирск, ул. Блюхера, д. 16, Новосибирск",от 3202₽
224,Жилые помещения AAA Elita on Gogol 32/1,"Str. Goldeneye 32/1, intercom 11, 5th floor, Novosibirsk, Novosibirsk Oblast, Russia, Новосибирск",от 3202₽
225,Отель AHOTELS design style на Советской,"ул. Советская, 8, Новосибирск",от 3118₽
226,Apartment Na Vokzalnoy Magistrali,"Ulitsa Vokzalnaya Magistral, 5, Ap.47, 630004 Novosibirsk, Russia, Новосибирск",от 3090₽
227,4 Rooms,"ul. Gogolya, 8, Novosibirsk, Novosibirskaya oblast', Russia, 630091, Новосибирск",от 3202₽
228,Yousinn (Юсинн) на улице Героев Революции,"ул. Героев Революции, 31, Новосибирск",от 2969₽
229,Колибри,"ул. Партизанская, д.9, Маслянино",от 3582₽
230,Хостел Fine O Clock,"Oktyabrskaya Street 40, Novosibirsk, Russia, Новосибирск",от 2260₽
231,PARUS Medical Resort&Spa,"630510, Новосибирская область, п. Кудряшовский, Береговая, 56, Кудряшовский",от 12875₽
232,"Алатырь Новосибирск, ул. Блюхера, д. 13","Россия, 630078, Новосибирская область, Новосибирск, ул. Блюхера, д. 13, Новосибирск",от 3202₽
233,STOP-HOUSE,"ул. Зыряновская, дом 57/3, Новосибирск",от 2260₽
234,Apartment Krasnye,"Красный проспект 66, Новосибирск",от 3090₽
235,Apartment na Khmelnitskogo,"Street Bogdana Kmelnitskogo 33/1, Новосибирск",от 3090₽
236,Apartment Novosibirsk,"Silver Springs 6, Новосибирск",от 3090₽
237,U Vokzala,"Ul. Chelyuskintsev, 22 Stantsiya Metro Ploshtady Garina-Mihaylovskogo, Новосибирск",от 2260₽
238,Отель Пятница,"Улица Кирова 299, Новосибирск",от 3202₽
239,Ирис Апарт-Отель,"Ядринцевская ул., д.48, Новосибирск",от 2732₽
240,Yousinn (Юсинн) на улице Крылова,"ул. Крылова, 67А, Новосибирск",от 2748₽
241,Метелица,"Ленина 2Г, Бердск",от 4440₽
242,Мираж,"1442 km of the Baykal State highway, Novosibirskaya region, Kochenevsky district, Прокудское",от 4507₽
243,Motel Rubin,"Kirpichnaya Ulitsa 1/1, Новомошковское",от 3122₽
244,Red avenue,"Krasny prospekt 179/1, 630123 Novosibirsk, Russia, Новосибирск",от 3090₽
245,АлАнт на улице 1-я Чулымская,"ул. 1-я Чулымская, 112/3, Новосибирск",от 3667₽
246,АлАнт на улице Немировича-Данченко 146/3,"ул. Немировича-Данченко, 146/3, Новосибирск",от 3375₽
247,Apartment Coastal,"Coastal 4, Novosibirsk, Ru., Новосибирск",от 3090₽
248,Apart Studio Temis,"Prospekt Karla Marksa 11 Novosibirsk 630064,Prospekt Karla Marksa, Новосибирск",от 3202₽
249,Hotel Barracuda,"Улица Тюленина 5, Новосибирск",от 3806₽
250,Хостел Горького 85,"85 ulitsa Maksima Gorkogo 3этаж, Новосибирск",от 2260₽
251,LiderHouse (ЛидерХаус) на улице Дуси Ковальчук,"ул. Дуси Ковальчук, 394, Новосибирск",от 3202₽
252,На Самотечной 29а,"ул. Самотечная, 29а, Новосибирск",от 3202₽
253,Жилое помещение на улице Кошурникова 5,"улица Кошурникова, д.5, Новосибирск",от 4952₽
254,Пихта Хаус Отель,"Воинская Улица 56, Новосибирск",от 3202₽
255,AAA Elita on Gogolya 38,"ul. Gogolya 38, Новосибирск",от 3202₽
256,АлАнт на улице Немировича-Данченко 148/2,"ул. Немировича-Данченко, 148/2, Новосибирск",от 4000₽
257,Хостел на Красном,"Красный проспект 66, Новосибирск",от 2260₽
258,Хостел Ной,"Инская Улица 56, Новосибирск",от 2260₽
259,Жилые помещения Nsk,"Lenina Street 30/1 Novosibirsk 630004,Lenina Street, Новосибирск",от 2260₽
260,Ордынка,"ул. Кирова, д.2/3, Ордынское",от 4507₽
261,Стрелинка,"Новосибирская обл., Маслянинский район, р.п. Маслянино, Пеньково",от 4507₽
262,Welcome (Вэлком) на улице Героев Труда,"ул. Героев Труда, 11, Новосибирск",от 3300₽
263,Жилое помещение на улице Сибревкома 9а,"улица Сибревкома, д.9а, Новосибирск",от 2260₽
264,Erunin Hotels Group Самотечная 29A,"Samotechnaya Ulitsa 29A Novosibirsk 630029,Samotechnaya Ulitsa, Новосибирск",от 3202₽
265,Yousinn (Юсинн) на улице Дачной 40/1,"ул. Дачная, 40/1, Новосибирск",от 3006₽
266,Тихий центр на улице Ленина,"ул. Ленина, 18, Новосибирск",от 3370₽
267,База Отдыха Стрелинка,"пос. Маслянино, ул. Горная, д. 13, Маслянино",от 4507₽
268,Yousinn (Юсинн) на улице Бориса Богаткова 213,"ул. Бориса Богаткова, 213, Новосибирск",от 3108₽
269,Отель 6-12-24 Аэропорт Толмачево,"проспект Мозжерина, д.101, Обь",от 5411₽
270,Apartment Na Michurina,"Michurina, 20/1, Новосибирск",от 3090₽
271,Comfort Inn Hotel,"Khmelnitskogo Ulitsa, 96, Новосибирск",от 5578₽
272,"Элитная двухкомнтная квартира на улице Ядринцевской возле оперного театра, метро площадь Ленина","улица Ядринцевская, д. 18, Новосибирск",от 8914₽
273,Гарден Эппл,"ул. Восточный Поселок, д. 9, лит. А, Новосибирск",от 3202₽
274,LiderHouse (ЛидерХаус) на улице Кошурникова,"ул. Кошурникова, 47, Новосибирск",от 3202₽
275,Myhomehotel On Shevchenko 15/127,"Shevchenko Ulitsa 15, Новосибирск",от 3202₽
276,"Na Chelyuskintsev Apartmetns,14","ulitsa Chelyuskincev 14, Novosibirsk, Russia, Новосибирск",от 3202₽
277,Хостел Перекрёсток,"улица Переселенческая, д. 3, Новосибирск",от 2260₽
278,Apartamenty Svetlica Gogolya 14,"Ulitsa Gogolya 14, 630000 Novosibirsk, Russia, Новосибирск",от 3090₽
279,AquaApart (АкваАпарт) на улице Ясный Берег 25,"ул. Ясный берег, 25, Новосибирск",от 3476₽
280,Edelweiss Hotel,"Ulitsa Zhukovskogo 24 Novosibirsk 630123,Ulitsa Zhukovskogo, Новосибирск",от 3202₽
281,Жилое помещение Творческий,"Вокзальная магистраль 4/2, Новосибирск",от 3202₽
282,Oazis apart (Оазис апарт) на улице Покатная 122,"ул. Покатная, 122, Новосибирск",от 3553₽
283,Хостел «Проспект»,"Красный пр-т, 153-22, Новосибирск",от 2260₽
284,Yousinn (Юсинн) на улице Дачной 40/2,"ул. Дачная, 40/2, Новосибирск",от 2648₽
285,АлАнт на улице Немировича-Данченко 122/3,"ул. Немировича-Данченко, 122/3, Новосибирск",от 4115₽
286,АлАнт на улице Покатная,"ул. Покатная, 55А, Новосибирск",от 4493₽
287,Apartment DomSna,"ul.Serzhanta Korotayeva 1, 630033 Novosibirsk, Russia, Новосибирск",от 3090₽
288,Отель Horizon Patio,"Бердский тупик 10, Новосибирск",от 3202₽
289,Жилое помещение Uytnyi,"ul. Soyuza Molodezhi 2-aya D31 Novosibirsk 630082,ul. Soyuza Molodezhi, Новосибирск",от 3202₽
290,Hotel Mafia,"Rekkunovskaya 6/9 633000 Berdsk Novosibirsk region, Бердск",от 4440₽
291,Yousinn (Юсинн) на Вокзальной магистрали,"Вокзальная магистраль, 17, Новосибирск",от 3514₽
292,Жилое помещение Однокомнатная квартира в центре Ленинского района,"улица Серафимовича, д.8, Новосибирск",от 3067₽
293,Vystavochnaya Apartment,"Vystavochnaya Ul., 16, Новосибирск",от 3090₽
294,AAA Elita on Chaplygina 93,"Чаплыгина,93, Новосибирск",от 3202₽
295,Apartment on Prospekt Karla Marksa 11,"11 prospekt Karla Marksa, Новосибирск",от 3090₽
296,Dacha Apartment,"Dacha 23/5, Новосибирск",от 3090₽
297,Феникс центральная,"ул. Горького 28, Болотное",от 3122₽
298,FlaNsk (ФлаНск) на Романова,"ул. Романова, 60/1, Новосибирск",от 3134₽
299,Hostel Homeliness,"Stroitelnaya Street 19, Ob, Russia, Обь",от 2476₽
300,Хуторок,"федеральная трасса М51, 1281 км, Каргат",от 3122₽
301,Noy,"632334 Russia, Novosibirsk region, Barabinsk, st. Karl Marx, 100, Барабинск",от 3226₽
302,Quattro,"ул. Максима Горького, д. 51, Новосибирск",от 3202₽
303,Хостел Ретро,"улица Ленина, д.18, Новосибирск",от 2260₽
304,Academy,"Vatutina 57 Novosibirsk 630087,Vatutina, Новосибирск",от 3202₽
305,Apartment Gorsky estate,"Gorski district 2, Новосибирск",от 3090₽
306,Fine O'Clock Academ,"630090, Sibirskiy federal'niy okrug, Novosibirskaya oblast', Novosibirsk, ulitsa Tereshkovoy 12A, Новосибирск",от 3202₽
307,Жилые помещения Magistral N,"ul. Vokzalnaya magistral', 3к1, Novosibirsk, Novosibirskaya oblast', Russia, 630004, Новосибирск",от 3202₽
308,Hostel Nakhodka,"ul. Narymskaya 17/1 Novosibirsk 630132,ul. Narymskaya, Новосибирск",от 2260₽
309,Авиатор,"ул. Авиастроителей. д. 1/3, Новосибирск",от 3202₽
310,Отель Гостинично-Развлекательный Комплекс Отдых,"ул. Деповская, 1а, Карасук",от 2171₽
311,Посейдон,"Южный микрорайон, 55а к1, Искитим",от 3590₽
312,Рубин,"ул. 5-я Кирпичная Горка, 1/2, Мошково",от 4507₽
313,Три Версты,"ул. Планировочная, 9а, Новосибирск",от 2452₽
314,Apartment on Gogolya 11a,"ul. Gogolya, 11А, Novosibirsk, Novosibirskaya oblast', Russia, 630091, Новосибирск",от 3090₽
315,Бюро Апартаментов Сказка,"Улица Вокзальная Магистраль 5, Новосибирск",от 3090₽
316,Мини-отель Евразия,"улица Коммунистическая, д.2, Новосибирск",от 2476₽
317,Феникс,"ул. Турнаевская, д.36г, Болотное",от 3122₽
318,Evropeysky Mini-Hotel,"Ulitsa Dusi Kovalchuk 406 Building 1,Ulitsa Dusi Kovalchuk, Новосибирск",от 3202₽
319,Парк-отель «ЛесНица»,"Морозово, 1/1, Новосибирск",от 8328₽
320,"Алатырь Новосибирск, ул. Ватутина, д. 15","Россия, 630078, Новосибирская область, Новосибирск, ул. Ватутина, д. 15, Новосибирск",от 3202₽
321,Санаторий Рассвет,"улица Зелёная Роща, д.9/1, Бердск",от 10704₽
322,Гостевой дом Вера,"садоводческое некоммерческое товарищество Вера, д.581, Восток",от 11543₽
323,Жилые помещения Wildriver,"ul. Lobova, 52, Novosibirsk, Novosibirskaya oblast', Russia, 630028, Новосибирск",от 2260₽
324,Загородный,"ул. Центральная, 9а, Новосибирск",от 4220₽
325,Отель Antey,"улица Писарева, д.89, Новосибирск",от 2853₽
326,Хостел Апостол,"улица Саввы Кожевникова, д.29/1, Новосибирск",от 1557₽
327,Хостел Aprt Studio Temis,"проспект Карла Маркса, 11, Новосибирск",от 1500₽
328,Отель Дискавери,"улица Войкова, д.54, Новосибирск",от 3000₽
329,Фанки (FunKey) Хостел,"Россия, 630091, Новосибирская область, Новосибирск, ул. Фрунзе, д. 5/2, Новосибирск",от 1776₽
330,Хостел Авитель,"улица Ленина, д.83, Новосибирск",от 2260₽
331,Отель Визит,"улица Выборная, д.122, Новосибирск",от 1500₽
332,Мини-отель Корона,"улица Толстого, 242, Новосибирск",от 2529₽
333,Отель Миротель,"площадь Карла Маркса, д.1/1, Новосибирск",от 5949₽
334,Мини-Отель Элегант,"улица Воинская, д.60, Новосибирск",от 2400₽
335,Мини-Отель MAXROOMS Global Sky Novosibirsk,"улица 25 лет Октября, д.9, 17 этаж,, Новосибирск",от 2415₽
336,Отель Пегас,"улица Николая Островского, д.181, Новосибирск",от 2485₽
337,Хостел Смородина,"улица Семьи Шамшиных, д.30, Новосибирск",от 1439₽
338,Гостиница Уютная,"Белинского ул., д. 143, Новосибирск",от 2000₽
339,Хостел Планета на Фрунзе,"Россия, Новосибирская область, Новосибирск, ул. Фрунзе, д. 2Б, Новосибирск",от 1350₽
340,Мини-отель Якутия,"улица Большевистская, 103, Новосибирск",от 2771₽
341,Хостел Альтаир,"Стартовая Улица 4, Новосибирск",от 2260₽
342,Emodji Hostel,"ul. Sibirskaia 33 kvartira 10,ul. Sibirskaia, Новосибирск",от 2260₽
343,Eurasia,"2 Kommunisticheskaya st., Новосибирск",от 3202₽
344,Nakhodka,"ulitsa Narimskaya, 17/1, Novosibirsk, Russia, Новосибирск",от 3202₽
345,Хостел Вояж,"Улица Каменская 84В-46, Новосибирск",от 2260₽
346,Евразия,"ул. Коммунистическая, д.2, Новосибирск",от 2249₽
347,Отель Радуга,"Гусинобродское шоссе, д.41/1, Новосибирск",от 3500₽
348,Myhomehotel Na Ulitse Ordzhonikidze 30,"Ulitsa Ordzhonikidze 30, Новосибирск",от 3202₽
349,Aparthotel Podkova,"Ulitsa Sovetskaya 285, 633210 Iskitim, Russia, Искитим",от 4507₽
350,Podushka Lyuks na Sibirskoi 13,"ul. Sibirskaya 13 Novosibirsk,ul. Sibirskaya, Новосибирск",от 3202₽
351,Рассвет,"ул. Комсомольская, 5, Чаны",от 3122₽
352,Жилые помещения Novo,"Улица Красный проспект 153а офис 1n, Новосибирск",от 3202₽
353,Хостел Warm corner,"улица Усадебная, д. 7, Обь",от 2476₽
354,Юбилейная,"квартал 12, дом 3, Куйбышев",от 4507₽
355,База отдыха Зеленый Дом,"улица Боровая, д.2, Мирный",от 6412₽
356,A 54 Hostel,"проспект Карла Маркса,11, Новосибирск",от 2260₽
357,Гостиница Агат,"ул. Кольцово, 19, Новосибирск",от 3202₽
358,Na Ploshchadi Marksa Apartment,"Ulitsa Vystavochnaya 16, Novosibirsk, Novosibirsk, Novosibirsk, Новосибирск",от 3090₽
359,Dosstor,"Krasnoarmeyskaya Ulitsa 97 Novosibirsk 630008,Krasnoarmeyskaya Ulitsa, Новосибирск",от 3202₽
360,Петров Двор,"ул. Восход, д.66, лит.А, Новосибирск",от 3202₽
361,Yousinn (Юсинн) на улице Иванова 26,"ул. Иванова, 26, Новосибирск",от 2388₽
362,Оазис,"Караканский бор, Абрашино",от 4507₽
363,Парк Хостел,"ул. Ядринцевская, д. 18, Новосибирск",от 2260₽
364,"Алатырь Новосибирск, пер. 1-й Римского-Корсака, д. 5","Россия, 630054, Новосибирская область, Новосибирск, пер. 1-й Римского-Корсака, д. 5, Новосибирск",от 3202₽
365,Мини-отель Сиботель,"Улица Арбузова, д. 10, Новосибирск",от 2452₽
366,Отель Smart Hotel KDO Новосибирск,"улица Дмитрия Шамшурина, д. 43, Новосибирск",от 3747₽
367,Жемчужина,"ул. Жуковского, д. 8, Новосибирск",от 3202₽
368,Apartment Derzhavina,"Державина 11, кв 47, Новосибирск",от 3090₽
369,Aparthotel Lazurnyy,"Lazurnaya Street 28, Novosibirsk, Новосибирская обл., Russia, 630133, Новосибирск",от 2732₽
370,Диван и чемодан на улице Семьи Шамшиных,"ул. Семьи Шамшиных, 18, Новосибирск",от 2309₽
371,Хостел GoodNighter,"улица Красина, д.56, Новосибирск",от 2260₽
372,Sezon,"Serebrennikovskaya ul., 2/1, Novosibirsk, Novosibirsk Oblast, Russia, 630007, Новосибирск",от 3202₽
373,Erunin Hotels Group на Далидовича 35 (Ерунин хотелс групп),"ул. Далидовича, 35, Новосибирск",от 3200₽
374,Отель Оазис,"улица 1-я Юргинская, д.64, Новосибирск",от 3202₽
375,Русь,"ул. Промышленная, д.1, Купино",от 3122₽
376,Мини-отель У Петровича,"Омский тракт, д.1, Обь",от 2600₽
377,Apartment on Dusi Kovalchuk,"ul. Dusi Kovalchuk, 179/1, 630049 Novosibirsk, Russia, Новосибирск",от 3090₽
378,On-day,"ul. Lenina, 88, Novosibirsk, Novosibirskaya oblast', Russia, 630132, Новосибирск",от 3202₽
379,Berdskaya zaimka,"2nd Lineynaya str, 1, Бердск",от 8648₽
380,Диван и чемодан на Галущака 15,"ул. Галущака, 15, Новосибирск",от 2223₽
381,Квартирка-НСК в Горском 75,"мкр. Горский, 75, Новосибирск",от 3174₽
382,Санаторий-профилакторий Бараба,"пер. Индустриальный, д.2, Барабинск",от 6783₽
383,Парус (Бердск),"633011, Новосибирская область, г. Бердск, ул. Красный Сокол, д. 29, Бердск",от 14601₽
384,Аризона,"улица Щетинкина, дом 34, Новосибирск",от 3202₽
385,Золотой берег,"ул. Софийская 19, Новосибирск",от 6783₽
386,Salvador Tikhiy Tsentr Apartment,"Ulitsa Derzhavina 47, Novosibirsk, Novosibirsk, Novosibirsk, Novosibirsk, Новосибирск",от 3090₽
387,Pillow-Lux apartments,"Narymskaya ul., 23, Novosibirsk, Novosibirskaya oblast', Russia, 630132, Новосибирск",от 3090₽
388,База Отдыха Дом Охотника,"село Сосновка, Боровое",от 4507₽
389,Центральная (быв.Колос),"ул. Ленина, д. 20, Краснозерское",от 4507₽
390,Жилые помещения Voskhod,"ul. Voskhod 3 Code 57k,ul. Voskhod, Новосибирск",от 3202₽
391,Гостиница Млечный путь,"Agafonova 1A, Новосибирск",от 3806₽
392,Бутик-отель Nord Castle,"ул. Аэропорт, 88/8, Новосибирск",от 6449₽
393,Хостел Новониколаевск,"улица Дуси Ковальчук, д. 16, Новосибирск",от 2260₽
394,Жилое помещение на Шамшурина,"улица Дмитрия Шамшурина, д. 1, Новосибирск",от 3389₽
395,Отель Романо Хаус,"Л. Толстого ул., д. 75, Новосибирск",от 4063₽
396,База отдыха Резиденция Сагиттариус,"улица Берёзовая, д.14/7, Новосибирск",от 3202₽
397,Truck House Отель,"Восточное шоссе, д.5, Новосибирск",от 3202₽
398,В гости на улице Челюскинцев 14,"ул. Челюскинцев, 14, Новосибирск",от 2829₽
399,В гости на улице Ленина 94,"ул. Ленина, 94, Новосибирск",от 3198₽
400,Жилые помещения Abazhur,"Ulitsa Mira 19, Новосибирск",от 2260₽
401,Квартирка-НСК в Горском 86,"мкр. Горский, 86, Новосибирск",от 3673₽
402,Metro Krasny Prospekt Apartment,"Ulitsa Gogolya 11А, 630091 Novosibirsk, Russia, Новосибирск",от 3090₽
403,Гостиница Ассоль,"улица Народная, д.20/1, Новосибирск",от 3202₽
404,Диван и чемодан на улице Дуси Ковальчук 260,"ул. Дуси Ковальчук, 260, Новосибирск",от 2261₽
405,Gostim on Blyukhera,"Ulitsa Blyukhera, 26, Новосибирск",от 3202₽
406,Жилые помещения Друзья,"Вокзальная магистраль 5, Новосибирск",от 2260₽
407,Сибирский Хостел,"Semyi Shamshinykh Street 16 Novosibirsk 630099,Semyi Shamshinykh Street, Новосибирск",от 2260₽
408,Vista Hotel Club,"Anzherskaya 49 Novosibirsk 630040,Anzherskaya, Новосибирск",от 3202₽
409,Диван и чемодан на Советской 50,"ул. Советская, 50, Новосибирск",от 2438₽
410,Gorod N Hostel,"Ulitsa Chelyuskintsev 24, Novosibirsk, Russia, Новосибирск",от 2260₽
411,Heart Of Academytown,"Ulitsatereshkovoy 44, Новосибирск",от 3202₽
412,Диван и чемодан на Красном 94,"пр-кт Красный, 94, Новосибирск",от 2097₽
413,Мини-отель на Челюскинцев 17,"улица Челюскинцев, д.17, Новосибирск",от 2452₽
414,Yousinn (Юсинн) на улице Державина,"ул. Державина, 92, Новосибирск",от 2969₽
415,Yousinn (Юсинн) на улице Одоевского 1/2,"ул. Одоевского, 1/2, Новосибирск",от 1960₽
416,Релакс (Relax),"ул. Школьная, д.10, Озеро-Карачи",от 3122₽
417,У самовара,"ул. Пасечная, д.10, Новосибирск",от 3202₽
418,Восток,"ул.Промышленная, 1а/3, Бердск",от 2643₽
419,Хостел На Сибирской,"улица Сибирская,д. 51, Новосибирск",от 1221₽
420,Yousinn (Юсинн) на улице Жуковского,"ул. Жуковского, 117, Новосибирск",от 2834₽
421,В гости на улице Челюскинцев 15/1,"ул. Челюскинцев, 15/1-9, Новосибирск",от 3250₽
422,Truck House Hotel,"Vostochnoye sh., 5, Novosibirsk, Novosibirskaya oblast', Russia, 630517, Новосибирск",от 3202₽
423,Уют,"Индустриальный мкр., д.13а, Искитим",от 3122₽
424,Welcome na Detskom proezde,"Detskiy Ave., 5, Новосибирск",от 3202₽
425,Room Apart (Рум Апарт) на улице Ядринцевская,"ул. Ядринцевская, 71, Новосибирск",от 3355₽
426,Меблированная комната Goluboe Ozero,"Морская улица, 50, Бердск",от 4440₽
427,Гостиный Двор на улице Гоголя,"ул. Гоголя, 26, Новосибирск",от 2373₽
428,Жилое Помещение Просторная Двушка в Центре Левобережья у Монумента Славы,"2-й переулок Крашенинникова, д. 6, Новосибирск",от 3137₽
429,Viaggio Aparts (Виаджио Апартс) на улице Овражная,"ул. Овражная, 3, Новосибирск",от 4214₽
430,Ya doma!,"630000, Russia, Novosibirsk, apartments are located at different addresses, Новосибирск",от 3202₽
431,Аппартаменты на Коммунистической 26-3,"улица Коммунистическая, дом 26, Новосибирск",от 1870₽
432,Жилое помещение Армада Колос,"Новосибирская область, рабочий поселок Краснообск, улица Восточная, д. 112, Новосибирск",от 2260₽
433,Elektron,"2-ой Краснодонский пер., д. 3, Новосибирск",от 3202₽
434,Гостевой дом Хуторок,"улица Бердская, д.97, Мамоново",от 2238₽
435,Гостиница Виктория Хаус,"улица Далидовича, д. 35, Новосибирск",от 3202₽
436,Жилые помещения Homeliness,"Poselok Tolmachevo, Ulitsa Pobedy 45, Ob, Novosibirskaya oblast', Russia, 633101, Новосибирск",от 3202₽
437,On-day,"Челюскинцев, д. 5, 630132 Novosibirsk, Russia, Новосибирск",от 2260₽
438,Lazurnyi sanatorium,"633000 Russia, Novosibirsk region, Berdsk, Rechkunovskaya recreation area, 16, Бердск",от 4440₽
439,Подкова,"ул. Советская, 285, Искитим",от 4079₽
440,Веста на улице Титова,"ул. Титова, 2, Новосибирск",от 2208₽
441,В гости на улице Челюскинцев 44,"ул. Челюскинцев, 44, Новосибирск",от 2823₽
442,Отель Academ Inn,"улица Иванова, д. 6, Новосибирск",от 2500₽
443,Отель «Гостиный Двор»,"Красный Проспект, д.234/1, Новосибирск",от 4275₽
444,Отель Садовая 19,"улица Садовая, д. 19, Новосибирск",от 8025₽
445,Erunin Hotels Group на Толстого 75 (Ерунин хотелс групп),"ул. Толстого, 75, Новосибирск",от 2937₽
446,Apartment Dmitriya Donskogo,"ul. Dmitriya Donskogo, 24/1, Новосибирск",от 3090₽
447,Квартирка-НСК на улице Блюхера 65,"ул. Блюхера, 65, Новосибирск",от 5001₽
448,Диван и чемодан на Красном 100/1,"пр-кт Красный, 100/1, Новосибирск",от 2065₽
449,Gostiniy Dvor,"633623, Russia, Novosibirsk region, Suzun, st. Lenin, 54, Сузун",от 4507₽
450,Хостел Juicy,"улица Державина, д.11, Новосибирск",от 2260₽
451,Отель Мегаполис,"Улица Дуси Ковальчук, д. 252, Новосибирск",от 3202₽
452,Гостевой дом Мичуринский,"улица Барханная, д.2А, Новосибирск",от 7787₽
453,Zona Sna Na Studencheskoy,"Mikroraion Gorsky 41 630032 Novosibirsk,Mikroraion Gorsky, Новосибирск",от 3202₽
454,Тестовый отель №1 для Ракеты (Под запрос),"Ulitsa Krasina, 6, Новосибирск",от 3806₽
455,Zheleznodorozhnaya Apartment,"Железнодорожная 10, кв.9, Новосибирск",от 3090₽
456,Apartamentay Na Kraylova,"ul. Krylova, 64, Novosibirskaya oblast', Новосибирск",от 3202₽
457,Жилые помещения Metro,"Красный Проспект 71, Новосибирск",от 2260₽
458,"Алатырь Новосибирск, ул. Карла Маркса, д. 9","Россия, 630064, Новосибирская область, Новосибирск, пр-т. Карла Маркса, д. 9, Новосибирск",от 3202₽
459,Жилые помещения Tulka,"ul. Tulskaia 490/1 Novosibirsk 630052,ul. Tulskaia, Новосибирск",от 3202₽
460,Жилое помещение в квартале Панорама,"улица Немировича-Данченко, д. 148/1, Новосибирск",от 2260₽
461,"A 54 hostel, apartments","pr. Karla Marksa, 11, Novosibirsk, Novosibirskaya oblast', Russia, 630073, Новосибирск",от 3090₽
462,Yousinn (Юсинн) на улице Первомайская 188,"ул. Первомайская, 188, Новосибирск",от 2669₽
463,Хостел на Геодезической,"улица Геодезическая, д. 19, Новосибирск",от 2260₽
464,Podushka Lyuks na Chelyuskincev 30 1,"ul. Chelyuskintsev 30/1 Zheleznodorozhnyy Rayon,ul. Chelyuskintsev, Новосибирск",от 3202₽
465,Stupeny,"Ulitsa Inskaya 67 Unit 5,Ulitsa Inskaya, Новосибирск",от 3202₽
466,Заря,"ул. Ленина, д.108, Довольное",от 3122₽
467,Zona Sna on Marksa,"Ulitsa Kosmicheskaya 12/1 Novosibirsk 630073,Ulitsa Kosmicheskaya, Новосибирск",от 3202₽
468,Апвртаменты на Гоголя 3а,"улица Гоголя, д.3а, Новосибирск",от 3090₽
469,Диван и чемодан на Ватутина,"ул. Ватутина, 39, Новосибирск",от 1917₽
470,Клинический санаторий Парус,"улица Красный сокол, 29, Бердск",от 4440₽
471,Новососедово,"Фермерская ул., 1А, Новососедово",от 4507₽
472,Диван и чемодан на Красном проспекте 94/1,"пр-кт Красный, 94/1, Новосибирск",от 2825₽
473,Тестовый отель №3 для Ракеты (Под запрос),"Ulitsa Lenina, 52, Новосибирск",от 3202₽
474,В гости на улице Челюскинцев 14/1,"ул. Челюскинцев, 14/1, Новосибирск",от 3198₽
475,В гости на улице Вокзальная магистраль 13,"ул. Вокзальная магистраль, 13, Новосибирск",от 2823₽
476,АлАнт на улице Серафимовича,"ул. Серафимовича, 20, Новосибирск",от 4375₽
477,Номера Aura,"ул. Семьи Шамшиных, 12, Новосибирск",от 3090₽
478,Байкал,"Россия, Новосибирская область, Коченево (поселок городского типа), Трасса Р-254 Иртыш, 1422-й километр, д.7, Прокудское",от 3122₽
479,Dom Puteshestvennikov,"Ulitsa Syzranskaya 3 Novosibirsk 630025,Ulitsa Syzranskaya, Новосибирск",от 3202₽
480,Гостевой дом Гора U Дачи,"Россия Маслянинский район Новосибирская область, Верх-Ики",от 5880₽
481,Хостел Пух,"Российская улица, д. 21, Новосибирск",от 2260₽
482,Nadezhda Hostel,"ul. Chelyuskintsev, 15/1, Novosibirsk, Novosibirskaya oblast', Russia, 630000, Новосибирск",от 2260₽
483,Мошково,"ул. Дорожная, д.1, Мошково",от 3122₽
484,Отель Весна,"Dobrolyubova 12/4 Novosibirsk 630009,Dobrolyubova, Новосибирск",от 3202₽
485,Жилое помещение Урицкого 13,"улица Урицкого, д.13, Новосибирск",от 2954₽
486,Hotel X.O. (Икс О),"Любитель с/т, 370, Новосибирск",от 2452₽
487,АлАнт на улице Покрышкина,"ул. Покрышкина, 1, Новосибирск",от 4337₽
488,Диван и чемодан в Горском 63,"мкр. Горский, 63, Новосибирск",от 2954₽
489,Диван и чемодан на Блюхера,"ул. Блюхера, 54, Новосибирск",от 1943₽
490,Yousinn (Юсинн) на улице Овражная,"ул. Овражная, 3, Новосибирск",от 3156₽
491,Matreshka Жилое помещение,"Prospekt Dzerdzhinskogo 14/2, Novosibirsk, Новосибирская обл., Russia, 630015, Новосибирск",от 3202₽
492,LiderHouse (ЛидерХаус) на улице Бориса Богаткова,"ул. Бориса Богаткова, 208/2, Новосибирск",от 3202₽
493,Room Apart (Рум Апарт) на улице Владимира Заровного,"ул. Владимира Заровного, 26/2, Новосибирск",от 4014₽
494,Как дома. Левый берег на Новосибирской,"ул. Новосибирская, 27, Новосибирск",от 2435₽
495,Жилое помещение Gostinniy Dom,"Bluhera Ulitsa 30 app 24, Novosibirsk, Novosibirskaya oblast', Russia, 630073, Новосибирск",от 2260₽
496,Хостел Дом,"Ядринцевская улица, д. 18, Новосибирск",от 2260₽
497,Hostel Skazka in Tolmachevo,"Vodoprovodniy pereulok 4, 633100 Ob, Russia, Обь",от 2476₽
498,Yousinn (Юсинн) на улице Немировича-Данченко 144/1,"ул. Немировича-Данченко, 144/1, Новосибирск",от 4308₽
499,LiderHouse (ЛидерХаус) на магистрали Вокзальная,"мгстр. Вокзальная, 11, Новосибирск",от 3202₽
500,Жилые помещения Metro,"Krasny Avenue 71 Novosibirsk 630099,Krasny Avenue, Новосибирск",от 3202₽
501,Тестовый отель №2 для Ракеты (Под запрос),"Ulitsa Sovetskaya, 5, Новосибирск",от 10485₽
502,АлАнт на улице Кошурникова 23/2,"ул. Кошурникова, 23/2, Новосибирск",от 4125₽
503,Хостел Big Ben,"Красный проспект, д. 99, Новосибирск",от 2260₽
504,Отель Поляна VERDE,"с. Морозово, ул. Космическая, 50, Морозово",от 4507₽
505,Капитан,"пр-т Мозжерина, д. 101, Обь",от 4507₽
506,Лазурный (Бердск),"633000, Новосибирская область, г. Бердск, Речкуновская зона отдыха, 16, Бердск",от 4507₽
507,Охотник,"ул. Островского 69/1, Бердск",от 2626₽
508,Mini  Hotel Paradise,"1-ya Chulymskaya ulitsa 156 Novosibirsk 630029,1-ya Chulymskaya ulitsa, Новосибирск",от 2452₽
509,Old Center Жилое помещение,"Krasny Prospekt 14 630007 Novosibirsk,Krasny Prospekt, Новосибирск",от 3202₽
510,Hostel Provence,"ul. Chaplygina 45 Novosibirsk 630099,ul. Chaplygina, Новосибирск",от 2260₽
511,Радуга,"ул. Коперативная, д.19, Чулым",от 3122₽
512,Золотой Лев,"ул. Лесная поляна, д. 56, Лесная Поляна",от 4507₽
513,АлАнт на улице Стартовая,"ул. Стартовая, 1, Новосибирск",от 3750₽
514,Central,"ул. Сызранская, 3, Новосибирск",от 2260₽
515,Жилые помещения Guest House,"Улица Гоголя 32/1, Новосибирск",от 2260₽
516,Гостевой дом на Артиллерийской,"ул.Артиллерийская, 97, Новосибирск",от 7787₽
517,Health,"Novoselov str., 25, Новосибирск",от 3202₽
518,Жилое Помещение Новые Матрешки,"улица Бородина, д. 56, Новосибирск",от 1830₽
519,Park hotel Khvoya (ex. Bylina),"Russia, 633000, Novosibirsk region, Berdsk, Rechkunovskaya recreation area 6, Бердск",от 7386₽
520,Отель Smart Hotel KDO Барабинск,"улица Путевая, д.18, Барабинск",от 2278₽
521,Жилое Помещение Светлица 54,"улица Семьи Шамшиных, д. 90/5, Новосибирск",от 3125₽
522,Хостел А54,"Новогодняя улица, д.28/1, Новосибирск",от 2260₽
523,АлАнт на улице Немировича-Данченко 156,"ул. Немировича-Данченко, 156, Новосибирск",от 4250₽
524,Хостел Amazon,"улица Титова, 10/1, Новосибирск",от 2260₽
525,Ирана Апартс,"разные районы города, Новосибирск",от 3090₽
526,Луневка,"ул. Байдуги, 48, Ордынское",от 6783₽
527,Erunin Hotels Group на Далидовича 25 (Ерунин хотелс групп),"ул. Далидовича, д.25, Новосибирск",от 2800₽
528,Север,"Хмельницкого улица, 32, Новосибирск",от 3806₽
529,Отель MAXROOMS Здвинск Сибирия,"улица Карла Маркса, д.11, Здвинск",от 2141₽
530,Теремки,"Новосибирская обл., Ордынский р-он, село Красный Яр, ул.Радужная, 10, Красный Яр",от 4507₽
531,Университетская,"ул. Блюхера, д. 32/1, Новосибирск",от 4507₽
532,Uyutnyi hostel,"630082, Russia, Novosibirsk st. 2nd Soyuza Molodezhy 31, Новосибирск",от 2260₽
533,Веста на улице Космическая,"ул. Космическая, 14, Новосибирск",от 2252₽
534,Восток (Новосибирск),"630534, Новосибирская область, Новосибирский район, с. Мочище, ул. Снежная, 13, Новосибирск",от 5800₽
535,АлАнт на улице Немировича-Данченко 146/1,"ул. Немировича-Данченко, 146/1, Новосибирск",от 4337₽
536,Apartment Uyut Dom,"Dusi Kovalchuk,250, Новосибирск",от 3090₽
537,База отдыха  Престиж,"Приморская улица, 1Б, Боровое",от 6783₽
538,Жилое помещение B-START,"ul. Frunze, 55, Novosibirsk, Novosibirskaya oblast', Russia, 630070, Новосибирск",от 3202₽
539,Gostiniy Dvor Lineyna 122,"Lineinaya 122, Новосибирск",от 3202₽
540,Hello-Hostel,"Коммунистическая,, Новосибирск",от 2260₽
541,Hotel Mercury,"Kommunstroevskaya 178 Novosibirsk 630039,Kommunstroevskaya, Новосибирск",от 3202₽
542,Хостел ROYAL HOSTEL 905,"улица 1905 года, 23, Новосибирск",от 2260₽
543,Аппартаменты на Коммунистической 26-1,"улица Коммунистическая, дом 26, Новосибирск",от 2052₽
544,Rocket,"Ulitsa Romanova 28, Новосибирск",от 2260₽
545,Персона,"ул. Комарова 10, Карасук",от 1282₽
546,Гостиница Shale Nizhegorodskaya,"Нижегородская 18, Новосибирск",от 3202₽
547,Уют,"ул. Молодежная, д.10а, Куйбышев",от 3122₽
548,Хостел А154,"переезд Бетонный, д. 1, Новосибирск",от 1138₽
549,ON-DAY (Он-Дэй),"различные районы города, Новосибирск",от 3090₽
550,AquaApart (АкваАпарт) на улице Ясный Берег 1/1,"ул. Ясный берег, 1/1, Новосибирск",от 4281₽
551,Диван и чемодан в Горском 11,"мкр. Горский, 11, Новосибирск",от 2828₽
552,Дорожная,"ул. Октябрьская, д.2д, Краснозерское",от 3122₽
553,Новый,"ул. Новосибирская 2, Бердск",от 4440₽
554,Tayozhnaya Zaimka Guest House,"Ulitsa Taygovskaya 1, Новососедово",от 4220₽
555,Жемчужина Сибири,"ул. Почтовая , д.2/В, Усть-Тарка",от 3122₽
556,Абсолют (квартирное бюро),"ул. Ленина,88, Новосибирск",от 3090₽
557,АлАнт на улице Немировича-Данченко 144/1,"ул. Немировича-Данченко, 144/1, Новосибирск",от 4500₽
558,Квартирка-НСК на проспекте Карла Маркса 11,"пр-кт Карла Маркса, 11, Новосибирск",от 4879₽
559,Жилые помещения Na Khilokskoy,"Ulitsa Khilokskaya, 1/1, Ap.7, Новосибирск",от 3202₽
560,Hotel Gost,"54 Lenin street, Сузун",от 4507₽
561,Смарт Отель КДО Барабинск,"Россия, Новосибирская область, Барабинск, ул. Путевая, д. 18, Барабинск",от 4116₽
562,Веста на проспекте Карла Маркса,"пр-кт Карла Маркса, 7, Новосибирск",от 2099₽
563,Welcome (Вэлком) на улице Жемчужная 32,"Академгородок, ул. Жемчужная, 32, Новосибирск",от 4675₽
564,Apartamenty na ulitse Fabrichnaya,"65 Fabrichnaya Street, Новосибирск",от 3095₽
565,Dachny Hostel,"Ulitsa Dachnaya 19/1 Novosibirsk 630082,Ulitsa Dachnaya, Новосибирск",от 2260₽
566,Gostinic,"Zheleznodorozhnaya Street 15/1 Novosibirsk  630132 Novosibirsk Oblast, Новосибирск",от 3806₽
567,«Лайк Хостел Новосибирск»,"ул. Овражная, 5, Новосибирск",от 2260₽
568,В гости на улице Вокзальная магистраль 11,"ул. Вокзальная магистраль, 11, Новосибирск",от 2875₽
569,Диван и чемодан на улице Ольги Жилиной 92А,"ул. Ольги Жилиной, 92А, Новосибирск",от 2438₽
570,Мини-Отель Зеленый Бор,"микрорайон Зеленый Бор, д.9, Новосибирск",от 2452₽
571,Элитная 3х квартира на ул. Советской с джакузи. Центральный район,"улицa Советская, д. 36/1, Новосибирск",от 11000₽
572,Гостиница Abnicum,"ул. Сибиряков-Гвардейцев, 56/3, Новосибирск",от 5348₽
573,Отель Антураж,"улица Новороссийская , д. 2, Новосибирск",от 2018₽
574,Бутик-отель Серебряная лошадь,"Владимировская улица, д. 4, Новосибирск",от 3615₽
575,Хостел CapsLock,"улица Блюхера, д.77, Новосибирск",от 2260₽
576,Eridan,"улица Немировича-Данченко, д.138, корп.1, Новосибирск",от 2883₽
577,Мини-отель ФлаНск на Крылова,"улица Крылова, д.34, Новосибирск",от 2586₽
578,Апарт-отель Гостиниц.net,"Железнодорожный район, Железнодорожная улица, 15/1, Новосибирск",от 3169₽
579,Хостел Вавилон,"площадь Карла Маркса, д. 2, Новосибирск",от 2575₽
580,Гостиничный комплекс Аквилон,"улица Бродского, д. 11, Новосибирск",от 2307₽
581,Мини-Отель Клуб Путешественников,"Красный проспект, д.49, Новосибирск",от 2773₽
582,Гостевой дом «Лесная сказка»,"Елочка-2, Ольховая ул., 65, Новосибирск",от 1588₽
583,Лесная сказка,"ул. Попова, 12, Бердск",от 4533₽
584,Гостиница Северная,"пр-кт Дзержинского, 32, Новосибирск",от 3367₽
585,Отель Добролюбов,"​улица Инская, дом 143, Новосибирск",от 2933₽
586,Отель Атерра,"улица Писарева, д.1 А, Новосибирск",от 4200₽
587,Отель Аванта,"ул. Гоголя, д. 189/1, Новосибирск",от 5628₽
588,AZIMUT Отель Новосибирск,"ул. Ленина, д. 21, Новосибирск",от 4301₽
589,Апарт-отель BonApart,"улица Ядринцевская, д.71, Новосибирск",от 2774₽
590,Гостиница Центральная,"Улица Ленина, дом 3, Новосибирск",от 2530₽
591,Отель Cosmos Novosibirsk Hotel,"улица Дмитрия Шамшурина, дом 37, Новосибирск",от 5348₽
592,Отель DoubleTree by Hilton Novosibirsk,"ул. Каменская 7/1, Новосибирск",от 7650₽
593,Gorskiy city hotel,"улица Немировича-Данченко, д. 144а, Новосибирск",от 5348₽
594,Гостиница Н,"улица Фабричная, д.20, Новосибирск",от 3250₽
595,Апарт-отель Гостиниц net (Большевитская),"улица Большевитская, д.37, Новосибирск",от 2724₽
596,Апарт-отель Lucky Jet,"Железнодорожная улица 15/1, офис 29, 3 этаж, Новосибирск",от 2400₽
597,Отель  Николь,"улица Ядринцевская, д. 72, корп. 2, Новосибирск",от 3500₽
598,Отель Marins Park Hotel Novosibirsk,"Вокзальная магистраль, 1, Новосибирск",от 4223₽
599,Отель Гранд Автограф (бывший Марриотт),"улица Орджоникидзе, 31, Новосибирск",от 10485₽
600,Отель DK,"улица Выборная, д.29, Новосибирск",от 2575₽
601,Отель River Park,"Улица Добролюбова, д. 2, Новосибирск",от 4200₽
602,Отель Тор,"улица Дуси Ковальчук, д. 410/1, Новосибирск",от 3245₽
603,Barrakuda na Mendeleeva Hotel,"Mendeleeva 5, Новосибирск",от 4100₽
604,Хостел OVB,"ulitsa ZhKO Aeroport, 25/2 A, Обь",от 2476₽
